{"data_time": 0.0006176500000023566, "eta_seconds": 80532.72567099826, "fast_rcnn/cls_accuracy": 0.9384765625, "fast_rcnn/false_negative": 0.23716931216931217, "fast_rcnn/fg_cls_accuracy": 0.7524481002741872, "iteration": 19, "loss_box_reg": 0.15690043568611145, "loss_cls": 0.15249253064393997, "loss_mask": 0.1921507939696312, "loss_rpn_cls": 0.010792894288897514, "loss_rpn_loc": 0.01969676837325096, "lr": 0.00039962, "mask_rcnn/accuracy": 0.9201570714492694, "mask_rcnn/false_negative": 0.08498268775405782, "mask_rcnn/false_positive": 0.08217701236044632, "roi_head/num_bg_samples": 447.5, "roi_head/num_fg_samples": 64.5, "rpn/num_neg_anchors": 236.0, "rpn/num_pos_anchors": 20.0, "time": 0.2982914499999936, "total_loss": 0.5679671131074429}
{"data_time": 0.0006454500000074859, "eta_seconds": 84881.14715199951, "fast_rcnn/cls_accuracy": 0.958984375, "fast_rcnn/false_negative": 0.15675287356321838, "fast_rcnn/fg_cls_accuracy": 0.8036821705426356, "iteration": 39, "loss_box_reg": 0.1528221070766449, "loss_cls": 0.1390385851264, "loss_mask": 0.17060990631580353, "loss_rpn_cls": 0.012395697645843029, "loss_rpn_loc": 0.01726099569350481, "lr": 0.0007992199999999999, "mask_rcnn/accuracy": 0.9277344857213718, "mask_rcnn/false_negative": 0.07409934712190491, "mask_rcnn/false_positive": 0.07638662418748754, "roi_head/num_bg_samples": 419.5, "roi_head/num_fg_samples": 92.5, "rpn/num_neg_anchors": 235.0, "rpn/num_pos_anchors": 21.0, "time": 0.32597910000000496, "total_loss": 0.590616273926571}
{"data_time": 0.0006545500000001425, "eta_seconds": 83721.68854500055, "fast_rcnn/cls_accuracy": 0.955078125, "fast_rcnn/false_negative": 0.18376623376623377, "fast_rcnn/fg_cls_accuracy": 0.8094417077175697, "iteration": 59, "loss_box_reg": 0.13568438589572906, "loss_cls": 0.12974756956100464, "loss_mask": 0.16614700853824615, "loss_rpn_cls": 0.02294927928596735, "loss_rpn_loc": 0.029217036440968513, "lr": 0.00119882, "mask_rcnn/accuracy": 0.9317065516682863, "mask_rcnn/false_negative": 0.06989926104298032, "mask_rcnn/false_positive": 0.07627441371161209, "roi_head/num_bg_samples": 445.5, "roi_head/num_fg_samples": 66.5, "rpn/num_neg_anchors": 231.0, "rpn/num_pos_anchors": 25.0, "time": 0.2990602499999966, "total_loss": 0.4552903950680047}
{"data_time": 0.0006214999999940574, "eta_seconds": 84359.39321600045, "fast_rcnn/cls_accuracy": 0.9560546875, "fast_rcnn/false_negative": 0.2075923392612859, "fast_rcnn/fg_cls_accuracy": 0.7610759493670887, "iteration": 79, "loss_box_reg": 0.19164511561393738, "loss_cls": 0.11007044091820717, "loss_mask": 0.2281780019402504, "loss_rpn_cls": 0.011789805721491575, "loss_rpn_loc": 0.02563946321606636, "lr": 0.0015984200000000001, "mask_rcnn/accuracy": 0.9086865962231887, "mask_rcnn/false_negative": 0.07555569017572278, "mask_rcnn/false_positive": 0.09186077050074068, "roi_head/num_bg_samples": 445.5, "roi_head/num_fg_samples": 66.5, "rpn/num_neg_anchors": 233.5, "rpn/num_pos_anchors": 22.5, "time": 0.32700539999999734, "total_loss": 0.5817017617737292}
{"data_time": 0.0006300500000122611, "eta_seconds": 84862.28187999951, "fast_rcnn/cls_accuracy": 0.9443359375, "fast_rcnn/false_negative": 0.22265625, "fast_rcnn/fg_cls_accuracy": 0.7323288690476191, "iteration": 99, "loss_box_reg": 0.15580449253320694, "loss_cls": 0.14622071385383606, "loss_mask": 0.22004862129688263, "loss_rpn_cls": 0.013468395452946424, "loss_rpn_loc": 0.024590306915342808, "lr": 0.00199802, "mask_rcnn/accuracy": 0.9055559125754894, "mask_rcnn/false_negative": 0.08530820706486411, "mask_rcnn/false_positive": 0.09585704442596102, "roi_head/num_bg_samples": 445.0, "roi_head/num_fg_samples": 67.0, "rpn/num_neg_anchors": 235.5, "rpn/num_pos_anchors": 20.5, "time": 0.31992920000000424, "total_loss": 0.6746365111321211}
{"data_time": 0.0006565500000021984, "eta_seconds": 85483.85578200287, "fast_rcnn/cls_accuracy": 0.943359375, "fast_rcnn/false_negative": 0.26338860301124456, "fast_rcnn/fg_cls_accuracy": 0.7315608919382504, "iteration": 119, "loss_box_reg": 0.18507467210292816, "loss_cls": 0.14743273705244064, "loss_mask": 0.18530774861574173, "loss_rpn_cls": 0.007949884980916977, "loss_rpn_loc": 0.03226526454091072, "lr": 0.00239762, "mask_rcnn/accuracy": 0.9262708508060759, "mask_rcnn/false_negative": 0.08512674994159858, "mask_rcnn/false_positive": 0.07219348748278617, "roi_head/num_bg_samples": 447.0, "roi_head/num_fg_samples": 65.0, "rpn/num_neg_anchors": 236.0, "rpn/num_pos_anchors": 20.0, "time": 0.32200889999998594, "total_loss": 0.6081467452459037}
{"data_time": 0.0006707000000005792, "eta_seconds": 85692.39685400491, "fast_rcnn/cls_accuracy": 0.9326171875, "fast_rcnn/false_negative": 0.21854440789473684, "fast_rcnn/fg_cls_accuracy": 0.677014802631579, "iteration": 139, "loss_box_reg": 0.19187074899673462, "loss_cls": 0.20312295854091644, "loss_mask": 0.2113383263349533, "loss_rpn_cls": 0.028731615282595158, "loss_rpn_loc": 0.05425143241882324, "lr": 0.0027972200000000004, "mask_rcnn/accuracy": 0.9138881138392858, "mask_rcnn/false_negative": 0.06402712582762228, "mask_rcnn/false_positive": 0.09141312419970812, "roi_head/num_bg_samples": 429.5, "roi_head/num_fg_samples": 82.5, "rpn/num_neg_anchors": 229.0, "rpn/num_pos_anchors": 27.0, "time": 0.3269920500000012, "total_loss": 0.8630872257053852}
{"data_time": 0.0006395500000024867, "eta_seconds": 85686.04597600491, "fast_rcnn/cls_accuracy": 0.9541015625, "fast_rcnn/false_negative": 0.4213101542712411, "fast_rcnn/fg_cls_accuracy": 0.5388556297490215, "iteration": 159, "loss_box_reg": 0.22714876383543015, "loss_cls": 0.14952808618545532, "loss_mask": 0.23067492246627808, "loss_rpn_cls": 0.0348682701587677, "loss_rpn_loc": 0.06856072507798672, "lr": 0.0031968200000000004, "mask_rcnn/accuracy": 0.9080131271258503, "mask_rcnn/false_negative": 0.09275215438359688, "mask_rcnn/false_positive": 0.09688267297728924, "roi_head/num_bg_samples": 453.5, "roi_head/num_fg_samples": 58.5, "rpn/num_neg_anchors": 223.0, "rpn/num_pos_anchors": 33.0, "time": 0.3116722999999979, "total_loss": 0.7401044927537441}
